{"cameraMode":{"drawMode":0,"name":"Shaded","section":"Shading Mode"},"sceneLighting":true,"audioPlay":false,"sceneViewState":{"m_AlwaysRefresh":false,"showFog":true,"showSkybox":true,"showFlares":true,"showImageEffects":true,"showParticleSystems":true,"showVisualEffectGraphs":true,"m_FxEnabled":true},"in2DMode":false,"pivot":{"x":-1.783520221710205,"y":-0.4658503532409668,"z":-1.2715944051742554},"rotation":{"x":-0.040497101843357089,"y":0.9590098857879639,"z":-0.18195150792598725,"w":-0.21344546973705293},"size":10.667472839355469,"orthographic":false}